{
  "project_info": {
    "project_number": "429429540563",
    "project_id": "proyectokotiln-tienda",
    "storage_bucket": "proyectokotiln-tienda.appspot.com"
  },
  "client": [
    {
      "client_info": {
        "mobilesdk_app_id": "1:429429540563:android:522a03da1c676fa589f626",
        "android_client_info": {
          "package_name": "com.example.proyectokotiln"
        }
      },
      "oauth_client": [],
      "api_key": [
        {
          "current_key": "AIzaSyD5HDNPzwkw9EL1dSz5Esa6Ouso9Pu6Bnk"
        }
      ],
      "services": {
        "appinvite_service": {
          "other_platform_oauth_client": []
        }
      }
    }
  ],
  "configuration_version": "1"
}